<?xml version="1.0" encoding="utf-8" ?>

<!-- Customize the text in square brackets. 
Remove brackets when filling in, e.g.
Name="[NAME]" ==> Name="MyWorkflow" -->

<Elements xmlns="http://schemas.microsoft.com/sharepoint/">
  <Workflow
     Name="Reports-Status wnioskow"
     Description="Generuje serię wiadomości eMail do agentów z aktywną subskrybcją a bieżącym statusie wniosków. Aby Agent otrzymał maila powinien mieć ustawioną flagę aktywny, ustawioną flagę subskrybcji i dodatkowo powinien być przypisany do linii produktowej Leasing."
     Id="3e96abc2-6757-4b18-a7ed-2c305b52b754"
     CodeBesideClass="masterleasing.Reports.StatusWnioskowSW.Workflow2.Workflow2"
     CodeBesideAssembly="masterleasing.Reports.StatusWnioskowSW, Version=1.0.0.0, Culture=neutral, PublicKeyToken=3c8fc4f0348da7e6">
    <Categories/>
    <MetaData>
      <AssociationCategories>List</AssociationCategories>
      <!-- Tags to specify InfoPath forms for the workflow; delete tags for forms that you do not have -->
      <!--<Association_FormURN>[URN FOR ASSOCIATION FORM]</Association_FormURN>
       <Instantiation_FormURN>[URN FOR INSTANTIATION FORM]</Instantiation_FormURN>
      <Task0_FormURN>[URN FOR TASK (type 0) FORM]</Task0_FormURN>
      <Task1_FormURN>[URN FOR TASK (type 1) FORM]</Task1_FormURN>-->
      <!-- Modification forms: create a unique guid for each modification form -->
      <!--<Modification_[UNIQUE GUID]_FormURN>[URN FOR MODIFICATION FORM]</Modification_[UNIQUE GUID]_FormURN>
      <Modification_[UNIQUE GUID]_Name>[NAME OF MODIFICATION TO BE DISPLAYED AS A LINK ON WORKFLOW STATUS PAGE</Modification_[UNIQUE GUID]_Name>
      -->
      <StatusPageUrl>_layouts/WrkStat.aspx</StatusPageUrl>
    </MetaData>
  </Workflow>
</Elements>
